t, velocity, pressure, void_fraction, wall_distance, wall_yplus
 7.5000000e-04,  1.4381243e+01,  1.3333333e+03,  0.0000000e+00,  1.3333333e+03,  1.3333333e+03
