t, velocity, pressure, wall_distance, wall_yplus
 7.5000000e-04,  1.4381189e+01,  1.3333333e+03,  1.3333333e+03,  1.3333333e+03
