 iteration, total, mesh processing, checkpoint/restart, post-processing, linear solvers, gradients reconstruction
       0,  2.8478753e+01,  2.3964859e+01,  0.0000000e+00,  8.7433100e-01,  0.0000000e+00,  0.0000000e+00
       1,  1.9797009e+02,  0.0000000e+00,  0.0000000e+00,  1.3334030e+00,  1.0856081e+02,  3.8442306e+01
